version	case.stage	exit
1.3-windows-host	callee-only.qbe	0
1.3-windows-host	callee-only.assemble	1
1.3-windows-host	f32-arg4.qbe	0
1.3-windows-host	f32-arg4.assemble	0
1.3-windows-host	f32-arg4.link	0
1.3-windows-host	f32-arg4.run	0
1.3-windows-host	f32-arg5.qbe	0
1.3-windows-host	f32-arg5.assemble	1
1.3-windows-host	f64-arg4.qbe	0
1.3-windows-host	f64-arg4.assemble	0
1.3-windows-host	f64-arg4.link	0
1.3-windows-host	f64-arg4.run	0
1.3-windows-host	f64-arg5.qbe	0
1.3-windows-host	f64-arg5.assemble	1
1.3-windows-host	f32-caller.qbe	0
1.3-windows-host	f32-caller.assemble	0
1.3-windows-host	f32-caller.link	0
1.3-windows-host	f32-caller.run	0
1.3-windows-host	f64-caller.qbe	0
1.3-windows-host	f64-caller.assemble	0
1.3-windows-host	f64-caller.link	0
1.3-windows-host	f64-caller.run	0
master-windows-host	callee-only.qbe	0
master-windows-host	callee-only.assemble	1
master-windows-host	f32-arg4.qbe	0
master-windows-host	f32-arg4.assemble	0
master-windows-host	f32-arg4.link	0
master-windows-host	f32-arg4.run	0
master-windows-host	f32-arg5.qbe	0
master-windows-host	f32-arg5.assemble	1
master-windows-host	f64-arg4.qbe	0
master-windows-host	f64-arg4.assemble	0
master-windows-host	f64-arg4.link	0
master-windows-host	f64-arg4.run	0
master-windows-host	f64-arg5.qbe	0
master-windows-host	f64-arg5.assemble	1
master-windows-host	f32-caller.qbe	0
master-windows-host	f32-caller.assemble	0
master-windows-host	f32-caller.link	0
master-windows-host	f32-caller.run	0
master-windows-host	f64-caller.qbe	0
master-windows-host	f64-caller.assemble	0
master-windows-host	f64-caller.link	0
master-windows-host	f64-caller.run	0
c-reference	equivalent.assembly	0
c-reference	equivalent.link	0
c-reference	equivalent.run	0
